String
models/characters/humans/corpse/scientist/corpse_scientist_male_03_hair_01.hrmeshc
models/characters/humans/corpse/scientist/corpse_scientist_hair_alpha_dif.ddsc
models/characters/humans/corpse/scientist/corpse_scientist_hair_alpha_mpm.ddsc
models/characters/humans/corpse/scientist/corpse_scientist_hair_alpha_nrm.ddsc
textures/dummies/dummy_black.ddsc
textures/dummies/dummy_grey_alpha_dif.ddsc
textures/dummies/dummy_mpm.ddsc
textures/dummies/dummy_nrm.ddsc
textures/dummies/dummy_white.ddsc
models/characters/humans/corpse/scientist/corpse_scientist_male_03_hair_01.meshc
models/characters/humans/corpse/scientist/corpse_scientist_male_03_hair_01.modelc
models/characters/humans/corpse/scientist/corpse_scientist_male_03_hair_02.hrmeshc
models/characters/humans/corpse/scientist/corpse_hair_scalp_01_dif.ddsc
models/characters/humans/corpse/scientist/corpse_hair_scalp_01_mpm.ddsc
models/characters/humans/corpse/scientist/corpse_hair_scalp_01_nrm.ddsc
models/characters/humans/corpse/scientist/corpse_scientist_hair_alpha_dif.ddsc
models/characters/humans/corpse/scientist/corpse_scientist_hair_alpha_mpm.ddsc
models/characters/humans/corpse/scientist/corpse_scientist_hair_alpha_nrm.ddsc
models/characters/humans/shared/textures/hair/planes/hair_straight_plane_colmask.ddsc
textures/dummies/dummy_black.ddsc
textures/dummies/dummy_grey_alpha_dif.ddsc
textures/dummies/dummy_mpm.ddsc
textures/dummies/dummy_nrm.ddsc
textures/dummies/dummy_white.ddsc
models/characters/humans/corpse/scientist/corpse_scientist_male_03_hair_02.meshc
models/characters/humans/corpse/scientist/corpse_scientist_male_03_hair_02.modelc
models/characters/humans/corpse/scientist/corpse_scientist_male_03_head.hrmeshc
models/characters/humans/corpse/scientist/corpse_scientist_head_dif.ddsc
models/characters/humans/corpse/scientist/corpse_scientist_head_mpm.ddsc
models/characters/humans/corpse/scientist/corpse_scientist_head_nrm.ddsc
textures/dummies/dummy_black.ddsc
textures/dummies/dummy_grey_alpha_dif.ddsc
textures/dummies/dummy_mpm.ddsc
textures/dummies/dummy_nrm.ddsc
textures/dummies/dummy_white.ddsc
models/characters/humans/corpse/scientist/corpse_scientist_male_03_head.meshc
models/characters/humans/corpse/scientist/corpse_scientist_male_03_head.modelc
models/characters/humans/erik/erik_feet.hrmeshc
models/hp_characters/humans/elmer/elmer_boots_dif.ddsc
models/hp_characters/humans/elmer/elmer_boots_mpm.ddsc
models/hp_characters/humans/elmer/elmer_boots_nrm.ddsc
textures/dummies/dummy_black.ddsc
textures/dummies/dummy_grey_alpha_dif.ddsc
textures/dummies/dummy_mpm.ddsc
textures/dummies/dummy_nrm.ddsc
textures/dummies/dummy_white.ddsc
models/characters/humans/erik/erik_feet.meshc
models/characters/humans/erik/erik_feet.modelc
models/characters/humans/erik/erik_feet_01.hrmeshc
models/characters/humans/erik/erik_colors_blue_dif.ddsc
models/hp_characters/humans/elmer/elmer_boots_mpm.ddsc
models/hp_characters/humans/elmer/elmer_boots_nrm.ddsc
textures/dummies/dummy_black.ddsc
textures/dummies/dummy_grey_alpha_dif.ddsc
textures/dummies/dummy_mpm.ddsc
textures/dummies/dummy_nrm.ddsc
textures/dummies/dummy_white.ddsc
models/characters/humans/erik/erik_feet_01.meshc
models/characters/humans/erik/erik_feet_01.modelc
models/characters/humans/erik/erik_feet_02.hrmeshc
models/characters/humans/erik/erik_colors_green_dif.ddsc
models/hp_characters/humans/elmer/elmer_boots_mpm.ddsc
models/hp_characters/humans/elmer/elmer_boots_nrm.ddsc
textures/dummies/dummy_black.ddsc
textures/dummies/dummy_grey_alpha_dif.ddsc
textures/dummies/dummy_mpm.ddsc
textures/dummies/dummy_nrm.ddsc
textures/dummies/dummy_white.ddsc
models/characters/humans/erik/erik_feet_02.meshc
models/characters/humans/erik/erik_feet_02.modelc
models/characters/humans/erik/erik_hands.hrmeshc
models/hp_characters/humans/elmer/elmer_hands_dif.ddsc
models/hp_characters/humans/elmer/elmer_hands_mpm.ddsc
models/hp_characters/humans/elmer/elmer_hands_nrm.ddsc
textures/00_general/debug/shaders/a00_db_shaders_white_dif.ddsc
textures/00_general/dummy/a00_dummy_flat_nrm.ddsc
textures/dummies/dummy_nrm.ddsc
textures/dummies/dummy_white_zero_alpha_dif.ddsc
models/characters/humans/erik/erik_hands.meshc
models/characters/humans/erik/erik_hands.modelc
